frame_number,man/woman,emotion,year,movie_name
372,man,sad,2008,ek_vivaah
398,woman,fear,2008,ek_vivaah
397,woman,neutral,2008,ek_vivaah
232,man,happy,2008,ek_vivaah
524,man,sad,2008,ek_vivaah
524,woman,sad,2008,ek_vivaah
244,man,angry,2008,ek_vivaah
253,woman,happy,2008,ek_vivaah
85,woman,neutral,2008,ek_vivaah
402,man,happy,2008,ek_vivaah
402,woman,angry,2008,ek_vivaah
195,man,happy,2008,ek_vivaah
195,woman,happy,2008,ek_vivaah
249,woman,sad,2008,ek_vivaah
330,man,sad,2008,ek_vivaah
215,woman,happy,2008,ek_vivaah
118,man,sad,2008,ek_vivaah
118,woman,happy,2008,ek_vivaah
111,woman,happy,2008,ek_vivaah
218,man,happy,2008,ek_vivaah
339,man,angry,2008,ek_vivaah
96,woman,happy,2008,ek_vivaah
499,man,happy,2008,ek_vivaah
426,woman,sad,2008,ek_vivaah
463,woman,sad,2008,ek_vivaah
284,man,happy,2008,ek_vivaah
353,woman,sad,2008,ek_vivaah
366,man,sad,2008,ek_vivaah
366,woman,sad,2008,ek_vivaah
428,woman,sad,2008,ek_vivaah
371,man,happy,2008,ek_vivaah
340,man,sad,2008,ek_vivaah
336,man,neutral,2008,ek_vivaah
254,woman,angry,2008,ek_vivaah
240,man,angry,2008,ek_vivaah
211,woman,sad,2008,ek_vivaah
202,man,neutral,2008,ek_vivaah
337,woman,neutral,2008,ek_vivaah
348,woman,sad,2008,ek_vivaah
326,man,happy,2008,ek_vivaah
86,man,happy,2008,ek_vivaah
344,woman,sad,2008,ek_vivaah
184,woman,happy,2008,ek_vivaah
345,woman,happy,2008,ek_vivaah
107,man,happy,2008,ek_vivaah
104,woman,sad,2008,ek_vivaah
104,man,happy,2008,ek_vivaah
210,woman,happy,2008,ek_vivaah
292,woman,happy,2008,ek_vivaah
349,man,sad,2008,ek_vivaah
214,woman,happy,2008,ek_vivaah
430,woman,sad,2008,ek_vivaah
445,man,happy,2008,ek_vivaah
367,man,sad,2008,ek_vivaah
367,man,neutral,2008,ek_vivaah
369,man,sad,2008,ek_vivaah
106,man,angry,2008,ek_vivaah
293,woman,sad,2008,ek_vivaah
358,woman,happy,2008,ek_vivaah
264,man,neutral,2008,ek_vivaah
357,man,happy,2008,ek_vivaah
212,woman,sad,2008,ek_vivaah
395,woman,sad,2008,ek_vivaah
266,man,neutral,2008,ek_vivaah
322,woman,sad,2008,ek_vivaah
324,man,happy,2008,ek_vivaah
359,woman,happy,2008,ek_vivaah
359,man,neutral,2008,ek_vivaah
354,woman,sad,2008,ek_vivaah
370,man,neutral,2008,ek_vivaah
216,woman,sad,2008,ek_vivaah
362,woman,sad,2008,ek_vivaah
362,man,neutral,2008,ek_vivaah
364,woman,sad,2008,ek_vivaah
364,man,neutral,2008,ek_vivaah
203,man,neutral,2008,ek_vivaah
334,man,happy,2008,ek_vivaah
103,woman,sad,2008,ek_vivaah
287,man,sad,2008,ek_vivaah
427,woman,happy,2008,ek_vivaah
116,woman,happy,2008,ek_vivaah
246,woman,angry,2008,ek_vivaah
325,man,happy,2008,ek_vivaah
424,woman,neutral,2008,ek_vivaah
400,man,happy,2008,ek_vivaah
400,man,angry,2008,ek_vivaah
261,woman,neutral,2008,ek_vivaah
110,woman,neutral,2008,ek_vivaah
446,man,happy,2008,ek_vivaah
423,woman,neutral,2008,ek_vivaah
209,woman,happy,2008,ek_vivaah
248,woman,sad,2008,ek_vivaah
365,woman,neutral,2008,ek_vivaah
365,man,sad,2008,ek_vivaah
462,man,happy,2008,ek_vivaah
360,woman,happy,2008,ek_vivaah
323,woman,happy,2008,ek_vivaah
87,woman,happy,2008,ek_vivaah
401,woman,neutral,2008,ek_vivaah
401,woman,angry,2008,ek_vivaah
396,woman,sad,2008,ek_vivaah
429,woman,sad,2008,ek_vivaah
341,man,happy,2008,ek_vivaah
285,man,sad,2008,ek_vivaah
335,man,happy,2008,ek_vivaah
498,man,happy,2008,ek_vivaah
421,woman,sad,2008,ek_vivaah
196,man,happy,2008,ek_vivaah
208,woman,happy,2008,ek_vivaah
213,woman,fear,2008,ek_vivaah
245,woman,fear,2008,ek_vivaah
495,woman,sad,2008,ek_vivaah
495,man,happy,2008,ek_vivaah
265,man,neutral,2008,ek_vivaah
113,man,happy,2008,ek_vivaah
241,woman,neutral,2008,ek_vivaah
331,man,neutral,2008,ek_vivaah
247,woman,sad,2008,ek_vivaah
363,woman,sad,2008,ek_vivaah
363,man,sad,2008,ek_vivaah
115,woman,sad,2008,ek_vivaah
422,woman,neutral,2008,ek_vivaah
95,woman,happy,2008,ek_vivaah
117,man,happy,2008,ek_vivaah
117,woman,sad,2008,ek_vivaah
394,woman,sad,2008,ek_vivaah
333,man,angry,2008,ek_vivaah
97,woman,sad,2008,ek_vivaah
425,woman,sad,2008,ek_vivaah
352,man,sad,2008,ek_vivaah
239,woman,sad,2008,ek_vivaah
105,man,happy,2008,ek_vivaah
262,woman,neutral,2008,ek_vivaah
347,man,sad,2008,ek_vivaah
304,man,surprise,2008,ek_vivaah
114,woman,happy,2008,ek_vivaah
361,man,happy,2008,ek_vivaah
500,man,sad,2008,ek_vivaah
356,woman,neutral,2008,ek_vivaah
464,woman,happy,2008,ek_vivaah
355,woman,neutral,2008,ek_vivaah
368,man,sad,2008,ek_vivaah
368,woman,sad,2008,ek_vivaah
346,man,sad,2008,ek_vivaah
112,woman,angry,2008,ek_vivaah
231,woman,sad,2008,ek_vivaah
255,woman,angry,2008,ek_vivaah
399,woman,sad,2008,ek_vivaah
399,man,happy,2008,ek_vivaah
332,woman,happy,2008,ek_vivaah
217,man,happy,2008,ek_vivaah
