frame_number,man/woman,emotion,year,movie_name
93,man,angry,2012,kyaa_super_kool_hai_hum
93,woman,neutral,2012,kyaa_super_kool_hai_hum
93,woman,sad,2012,kyaa_super_kool_hai_hum
85,man,angry,2012,kyaa_super_kool_hai_hum
98,woman,neutral,2012,kyaa_super_kool_hai_hum
98,man,happy,2012,kyaa_super_kool_hai_hum
98,woman,sad,2012,kyaa_super_kool_hai_hum
60,man,happy,2012,kyaa_super_kool_hai_hum
111,man,sad,2012,kyaa_super_kool_hai_hum
111,man,neutral,2012,kyaa_super_kool_hai_hum
132,man,happy,2012,kyaa_super_kool_hai_hum
132,man,neutral,2012,kyaa_super_kool_hai_hum
94,man,angry,2012,kyaa_super_kool_hai_hum
94,man,sad,2012,kyaa_super_kool_hai_hum
94,woman,neutral,2012,kyaa_super_kool_hai_hum
131,man,happy,2012,kyaa_super_kool_hai_hum
96,woman,sad,2012,kyaa_super_kool_hai_hum
96,woman,sad,2012,kyaa_super_kool_hai_hum
96,man,angry,2012,kyaa_super_kool_hai_hum
88,woman,neutral,2012,kyaa_super_kool_hai_hum
88,man,sad,2012,kyaa_super_kool_hai_hum
88,woman,neutral,2012,kyaa_super_kool_hai_hum
128,man,neutral,2012,kyaa_super_kool_hai_hum
128,man,sad,2012,kyaa_super_kool_hai_hum
71,man,neutral,2012,kyaa_super_kool_hai_hum
30,man,happy,2012,kyaa_super_kool_hai_hum
30,man,angry,2012,kyaa_super_kool_hai_hum
76,man,happy,2012,kyaa_super_kool_hai_hum
86,man,angry,2012,kyaa_super_kool_hai_hum
91,man,sad,2012,kyaa_super_kool_hai_hum
91,woman,sad,2012,kyaa_super_kool_hai_hum
91,woman,sad,2012,kyaa_super_kool_hai_hum
59,man,neutral,2012,kyaa_super_kool_hai_hum
68,man,sad,2012,kyaa_super_kool_hai_hum
90,woman,sad,2012,kyaa_super_kool_hai_hum
90,man,angry,2012,kyaa_super_kool_hai_hum
90,woman,neutral,2012,kyaa_super_kool_hai_hum
38,man,neutral,2012,kyaa_super_kool_hai_hum
63,man,neutral,2012,kyaa_super_kool_hai_hum
63,man,sad,2012,kyaa_super_kool_hai_hum
49,woman,angry,2012,kyaa_super_kool_hai_hum
67,man,sad,2012,kyaa_super_kool_hai_hum
42,man,happy,2012,kyaa_super_kool_hai_hum
40,man,neutral,2012,kyaa_super_kool_hai_hum
138,woman,surprise,2012,kyaa_super_kool_hai_hum
89,man,angry,2012,kyaa_super_kool_hai_hum
89,woman,sad,2012,kyaa_super_kool_hai_hum
89,woman,sad,2012,kyaa_super_kool_hai_hum
116,man,sad,2012,kyaa_super_kool_hai_hum
135,woman,happy,2012,kyaa_super_kool_hai_hum
135,woman,neutral,2012,kyaa_super_kool_hai_hum
33,man,sad,2012,kyaa_super_kool_hai_hum
33,man,surprise,2012,kyaa_super_kool_hai_hum
109,woman,sad,2012,kyaa_super_kool_hai_hum
109,man,sad,2012,kyaa_super_kool_hai_hum
74,man,happy,2012,kyaa_super_kool_hai_hum
92,woman,neutral,2012,kyaa_super_kool_hai_hum
92,woman,sad,2012,kyaa_super_kool_hai_hum
92,man,sad,2012,kyaa_super_kool_hai_hum
102,man,neutral,2012,kyaa_super_kool_hai_hum
29,man,happy,2012,kyaa_super_kool_hai_hum
29,man,angry,2012,kyaa_super_kool_hai_hum
110,man,sad,2012,kyaa_super_kool_hai_hum
110,woman,neutral,2012,kyaa_super_kool_hai_hum
129,man,happy,2012,kyaa_super_kool_hai_hum
37,woman,angry,2012,kyaa_super_kool_hai_hum
66,man,sad,2012,kyaa_super_kool_hai_hum
84,woman,fear,2012,kyaa_super_kool_hai_hum
7,man,angry,2012,kyaa_super_kool_hai_hum
7,man,happy,2012,kyaa_super_kool_hai_hum
133,man,happy,2012,kyaa_super_kool_hai_hum
133,man,happy,2012,kyaa_super_kool_hai_hum
136,woman,happy,2012,kyaa_super_kool_hai_hum
136,man,happy,2012,kyaa_super_kool_hai_hum
87,woman,neutral,2012,kyaa_super_kool_hai_hum
87,man,angry,2012,kyaa_super_kool_hai_hum
87,woman,fear,2012,kyaa_super_kool_hai_hum
82,woman,surprise,2012,kyaa_super_kool_hai_hum
46,woman,neutral,2012,kyaa_super_kool_hai_hum
16,man,sad,2012,kyaa_super_kool_hai_hum
16,man,sad,2012,kyaa_super_kool_hai_hum
17,man,sad,2012,kyaa_super_kool_hai_hum
17,man,sad,2012,kyaa_super_kool_hai_hum
65,man,sad,2012,kyaa_super_kool_hai_hum
41,woman,happy,2012,kyaa_super_kool_hai_hum
134,man,angry,2012,kyaa_super_kool_hai_hum
113,woman,happy,2012,kyaa_super_kool_hai_hum
113,man,neutral,2012,kyaa_super_kool_hai_hum
39,man,neutral,2012,kyaa_super_kool_hai_hum
47,woman,angry,2012,kyaa_super_kool_hai_hum
137,man,happy,2012,kyaa_super_kool_hai_hum
137,woman,neutral,2012,kyaa_super_kool_hai_hum
48,woman,neutral,2012,kyaa_super_kool_hai_hum
115,woman,happy,2012,kyaa_super_kool_hai_hum
115,woman,sad,2012,kyaa_super_kool_hai_hum
95,man,angry,2012,kyaa_super_kool_hai_hum
95,woman,neutral,2012,kyaa_super_kool_hai_hum
95,woman,fear,2012,kyaa_super_kool_hai_hum
101,man,fear,2012,kyaa_super_kool_hai_hum
99,woman,fear,2012,kyaa_super_kool_hai_hum
99,man,sad,2012,kyaa_super_kool_hai_hum
117,man,sad,2012,kyaa_super_kool_hai_hum
97,woman,neutral,2012,kyaa_super_kool_hai_hum
97,man,sad,2012,kyaa_super_kool_hai_hum
97,woman,sad,2012,kyaa_super_kool_hai_hum
114,man,neutral,2012,kyaa_super_kool_hai_hum
114,woman,neutral,2012,kyaa_super_kool_hai_hum
73,man,happy,2012,kyaa_super_kool_hai_hum
64,woman,happy,2012,kyaa_super_kool_hai_hum
130,man,happy,2012,kyaa_super_kool_hai_hum
130,woman,sad,2012,kyaa_super_kool_hai_hum
112,man,neutral,2012,kyaa_super_kool_hai_hum
72,man,happy,2012,kyaa_super_kool_hai_hum
23,man,sad,2012,kyaa_super_kool_hai_hum
18,woman,fear,2012,kyaa_super_kool_hai_hum
18,man,fear,2012,kyaa_super_kool_hai_hum
